{"meta": {"format": 3, "version": "7.10.7", "timestamp": "2026-01-08T01:17:17.887766", "branch_coverage": false, "show_contexts": false}, "files": {".claude/skills/ra-doc-assit/scripts/extract_quality_standards.py": {"executed_lines": [1, 6, 7, 8, 9, 10, 11, 14, 16, 20, 22, 23, 25, 26, 27, 29, 30, 31, 32, 33, 36, 37, 39, 44, 45, 46, 47, 49, 50, 52, 59, 60, 61, 62, 64, 86, 87, 98, 99, 100, 102, 106, 108, 110, 111, 114, 115, 117, 120, 121, 122, 123, 124, 127, 128, 129, 130, 135, 138, 140, 141, 142, 143, 146, 147, 148, 149, 150, 151, 153, 155, 156, 161, 162, 168, 169, 170, 173, 174, 176, 177, 178, 179, 180, 189, 190, 192, 194, 195, 196, 197, 199, 203, 204, 207, 208, 211, 214, 215, 218, 220, 222, 224, 226, 228, 232, 234, 236, 237, 238, 239, 240, 242, 245, 247, 248, 249, 250, 251, 254, 255, 256, 262, 263, 264, 265, 266], "summary": {"covered_lines": 126, "num_statements": 166, "percent_covered": 75.90361445783132, "percent_covered_display": "75.90", "missing_lines": 40, "excluded_lines": 0}, "missing_lines": [65, 66, 68, 69, 70, 71, 72, 73, 75, 76, 78, 79, 80, 81, 82, 83, 89, 90, 91, 93, 94, 95, 96, 131, 132, 133, 157, 158, 159, 163, 164, 165, 182, 184, 185, 186, 187, 258, 259, 260], "excluded_lines": [], "functions": {"extract_text_with_formatting": {"executed_lines": [20, 22, 23, 25, 26, 27, 29, 30, 31, 32, 33, 36, 37, 39, 44, 45, 46, 47, 49, 50, 52, 59, 60, 61, 62, 64, 86, 87, 98, 99, 100], "summary": {"covered_lines": 31, "num_statements": 54, "percent_covered": 57.407407407407405, "percent_covered_display": "57.41", "missing_lines": 23, "excluded_lines": 0}, "missing_lines": [65, 66, 68, 69, 70, 71, 72, 73, 75, 76, 78, 79, 80, 81, 82, 83, 89, 90, 91, 93, 94, 95, 96], "excluded_lines": []}, "extract_quality_standards_table": {"executed_lines": [106, 108, 110, 111, 114, 115, 117, 120, 121, 122, 123, 124, 127, 128, 129, 130, 135, 138, 140, 141, 142, 143, 146, 147, 148, 149, 150, 151, 153, 155, 156, 161, 162, 168, 169, 170, 173, 174, 176, 177, 178, 179, 180, 189, 190, 192, 194, 195, 196, 197], "summary": {"covered_lines": 50, "num_statements": 64, "percent_covered": 78.125, "percent_covered_display": "78.12", "missing_lines": 14, "excluded_lines": 0}, "missing_lines": [131, 132, 133, 157, 158, 159, 163, 164, 165, 182, 184, 185, 186, 187], "excluded_lines": []}, "format_as_markdown_table": {"executed_lines": [203, 204, 207, 208, 211, 214, 215, 218, 220, 222, 224, 226], "summary": {"covered_lines": 12, "num_statements": 12, "percent_covered": 100.0, "percent_covered_display": "100.00", "missing_lines": 0, "excluded_lines": 0}, "missing_lines": [], "excluded_lines": []}, "extract_quality_standards_table_from_docx": {"executed_lines": [232, 234, 236, 237, 238, 239, 240, 242, 245, 247, 248, 249, 250, 251, 254, 255, 256, 262, 263, 264, 265, 266], "summary": {"covered_lines": 22, "num_statements": 25, "percent_covered": 88.0, "percent_covered_display": "88.00", "missing_lines": 3, "excluded_lines": 0}, "missing_lines": [258, 259, 260], "excluded_lines": []}, "": {"executed_lines": [1, 6, 7, 8, 9, 10, 11, 14, 16, 102, 199, 228], "summary": {"covered_lines": 11, "num_statements": 11, "percent_covered": 100.0, "percent_covered_display": "100.00", "missing_lines": 0, "excluded_lines": 0}, "missing_lines": [], "excluded_lines": []}}, "classes": {"": {"executed_lines": [1, 6, 7, 8, 9, 10, 11, 14, 16, 20, 22, 23, 25, 26, 27, 29, 30, 31, 32, 33, 36, 37, 39, 44, 45, 46, 47, 49, 50, 52, 59, 60, 61, 62, 64, 86, 87, 98, 99, 100, 102, 106, 108, 110, 111, 114, 115, 117, 120, 121, 122, 123, 124, 127, 128, 129, 130, 135, 138, 140, 141, 142, 143, 146, 147, 148, 149, 150, 151, 153, 155, 156, 161, 162, 168, 169, 170, 173, 174, 176, 177, 178, 179, 180, 189, 190, 192, 194, 195, 196, 197, 199, 203, 204, 207, 208, 211, 214, 215, 218, 220, 222, 224, 226, 228, 232, 234, 236, 237, 238, 239, 240, 242, 245, 247, 248, 249, 250, 251, 254, 255, 256, 262, 263, 264, 265, 266], "summary": {"covered_lines": 126, "num_statements": 166, "percent_covered": 75.90361445783132, "percent_covered_display": "75.90", "missing_lines": 40, "excluded_lines": 0}, "missing_lines": [65, 66, 68, 69, 70, 71, 72, 73, 75, 76, 78, 79, 80, 81, 82, 83, 89, 90, 91, 93, 94, 95, 96, 131, 132, 133, 157, 158, 159, 163, 164, 165, 182, 184, 185, 186, 187, 258, 259, 260], "excluded_lines": []}}}, ".claude/skills/ra-doc-assit/scripts/fill_quality_standards.py": {"executed_lines": [1, 6, 7, 8, 9, 10, 11, 12, 15, 17, 27, 29, 30, 33, 34, 36, 37, 38, 40, 41, 43, 44, 47, 49, 51, 52, 54, 57, 58, 59, 61, 62, 64, 74, 76, 77, 78, 79, 80, 81, 82, 84, 92, 94, 95, 98, 104, 114, 115, 118, 121, 124, 125, 128, 129, 130, 132, 134, 135, 136, 138, 139, 140, 142, 143, 144, 145, 146, 148, 149, 150, 151, 154, 156, 163, 171, 172, 174, 177, 178, 180, 182, 184, 192, 194, 196, 198, 199, 201, 203, 213, 215, 216, 217, 219, 220, 222, 223, 225, 227, 228, 229, 235, 236, 238, 250, 251, 252, 254, 255, 258, 261, 264, 265, 266, 267, 270, 271, 272, 273, 276, 279, 292, 300, 301, 302, 305, 306, 308, 309, 310, 311, 312, 313, 315, 318, 319, 320, 322, 323, 325, 326, 328, 330, 331, 333, 334, 337, 338, 341, 342, 343, 345, 347, 348, 349, 351, 352, 353, 355, 357, 360, 361, 362, 363, 365, 368, 369, 371, 372, 375, 378, 396, 397, 398, 401, 402, 403, 406, 407, 409, 410, 413, 414, 416, 419, 422, 423, 426, 427, 428, 429, 432, 434, 435, 436, 439, 441, 446, 447, 448, 451, 452, 454, 462, 477, 478, 479, 481, 482, 484, 492, 507, 508, 509, 511, 514, 516, 517, 518, 519, 520, 522, 536], "summary": {"covered_lines": 223, "num_statements": 256, "percent_covered": 87.109375, "percent_covered_display": "87.11", "missing_lines": 33, "excluded_lines": 0}, "missing_lines": [119, 122, 158, 159, 161, 231, 232, 233, 277, 281, 282, 284, 285, 286, 287, 288, 289, 290, 358, 376, 404, 443, 456, 457, 458, 459, 460, 486, 487, 488, 489, 490, 512], "excluded_lines": [], "functions": {"parse_markdown_table_from_string": {"executed_lines": [27, 29, 30, 33, 34, 36, 37, 38, 40, 41, 43, 44, 47, 49, 51, 52, 54, 57, 58, 59, 61, 62], "summary": {"covered_lines": 22, "num_statements": 22, "percent_covered": 100.0, "percent_covered_display": "100.00", "missing_lines": 0, "excluded_lines": 0}, "missing_lines": [], "excluded_lines": []}, "parse_markdown_table_from_file": {"executed_lines": [74, 76, 77, 78, 79, 80, 81, 82], "summary": {"covered_lines": 8, "num_statements": 8, "percent_covered": 100.0, "percent_covered_display": "100.00", "missing_lines": 0, "excluded_lines": 0}, "missing_lines": [], "excluded_lines": []}, "restore_formatting_to_cell": {"executed_lines": [92, 94, 95, 98, 104, 114, 115, 118, 121, 124, 125, 128, 129, 130, 132, 134, 135, 136, 138, 139, 140, 142, 143, 144, 145, 146, 148, 149, 150, 151, 154, 156], "summary": {"covered_lines": 32, "num_statements": 35, "percent_covered": 91.42857142857143, "percent_covered_display": "91.43", "missing_lines": 3, "excluded_lines": 0}, "missing_lines": [158, 159, 161], "excluded_lines": []}, "restore_formatting_to_cell.replace_super": {"executed_lines": [], "summary": {"covered_lines": 0, "num_statements": 1, "percent_covered": 0.0, "percent_covered_display": "0.00", "missing_lines": 1, "excluded_lines": 0}, "missing_lines": [119], "excluded_lines": []}, "restore_formatting_to_cell.replace_sub": {"executed_lines": [], "summary": {"covered_lines": 0, "num_statements": 1, "percent_covered": 0.0, "percent_covered_display": "0.00", "missing_lines": 1, "excluded_lines": 0}, "missing_lines": [122], "excluded_lines": []}, "clear_table_content": {"executed_lines": [171, 172, 174, 177, 178, 180, 182], "summary": {"covered_lines": 7, "num_statements": 7, "percent_covered": 100.0, "percent_covered_display": "100.00", "missing_lines": 0, "excluded_lines": 0}, "missing_lines": [], "excluded_lines": []}, "insert_table_rows": {"executed_lines": [192, 194, 196, 198, 199, 201], "summary": {"covered_lines": 6, "num_statements": 6, "percent_covered": 100.0, "percent_covered_display": "100.00", "missing_lines": 0, "excluded_lines": 0}, "missing_lines": [],